"","logFC","AveExpr","t","P.Value","adj.P.Val","B"
"Solyc00g160510.1",13.1202918973922,0.618890605314267,9.12662944445228,4.57420086697259e-06,6.96568498752293e-05,4.48444231521677
"Solyc00g160180.1",13.0215637531316,0.570913949743412,12.640574722972,2.4471954806293e-07,1.25813292887306e-05,6.74197588088166
"Solyc00g019730.2",13.0028420849123,0.562413151523478,15.2346230262024,4.34569315062572e-08,4.3970131258009e-06,7.8755172500326
"Solyc00g500303.1",13.0028420849123,0.562413151523478,15.2346230262024,4.34569315062572e-08,4.3970131258009e-06,7.8755172500326
"Solyc09g009360.1",12.9053565493358,0.513277101026099,9.7954299726266,2.45173666527555e-06,4.86310218594261e-05,4.99697466217457
"Solyc03g113930.3",12.6390052549764,3.67241104766889,18.665142672448,6.45163481538493e-09,1.47876846330969e-06,9.37328622103864
"Solyc00g013180.1",12.6305245586389,1.16612934894178,10.351159059018,1.49928404030452e-06,3.56992126611527e-05,5.38960231027685
"Solyc00g160130.1",12.4037907265229,2.26092225347927,10.3505768796466,1.50003901749862e-06,3.56992126611527e-05,5.38760711779672
"Solyc00g500249.1",12.3921360893963,0.263267503186027,13.0916617842015,1.77270497432461e-07,1.03660891031943e-05,6.96472456203076
"Solyc00g500348.1",12.3921360893963,0.263267503186027,13.0916617842015,1.77270497432461e-07,1.03660891031943e-05,6.96472456203076
"Solyc00g500191.2",14.7710601459825,1.88605271899793,7.81124979778602,3.32863525685821e-10,5.72247877908208e-08,3.15818692823235
"Solyc00g500328.1",10.6628636796226,0.714454698587666,5.48927311979671,1.35642268285455e-06,7.36394735454982e-05,0.263873975318186
"Solyc00g500088.2",-10.0603462351169,4.222289926434,-5.55695792514709,1.06825632250096e-06,5.95625079275533e-05,1.83706390333268
"Solyc06g062950.1",-9.60561217021747,-0.374698046999262,-4.94537148587132,9.02877766878414e-06,0.000407128209073511,-0.488001544638151
"Solyc10g005930.2",-9.01807019968722,-0.703595798992195,-4.69278725926298,2.13861216129296e-05,0.000802173979772251,-0.848547757635561
"Solyc01g106620.2",-8.84363412274191,-0.755731346042335,-4.56930916189516,3.24330393741315e-05,0.00117384842506725,-1.01500348467547
"Solyc05g007830.3",-8.83394625392068,-0.970621831979317,-4.4946356323304,4.16467925508999e-05,0.00134245832863291,-1.1364709155825
"Solyc09g160710.1",8.73749857240995,3.18451355667924,5.19714110480434,3.77622068150743e-06,0.00019000837234024,0.930951724329395
"Solyc12g094620.3",-8.70597236408807,-0.0791043880797376,-4.49586679460638,4.14759262851948e-05,0.00134245832863291,-1.08625591249242
"Solyc10g055800.2",-8.26944508832473,-0.580143439152339,-4.29099694816301,8.17507448139293e-05,0.00248017333163435,-1.38534781141167
"Solyc01g020460.3",-10.3079452567322,1.36974528108845,-6.93657171648384,4.53439080848894e-05,0.00201110089727807,2.20943626533821
"Solyc06g062540.3",-7.58822625086813,1.92149941834889,-10.3513345039528,1.40981181950533e-06,0.00129949782338628,5.05749902167333
"Solyc04g008610.3",-7.54942436223952,0.0712507594366441,-6.89875866331308,4.74338645421535e-05,0.00205717307352465,2.13575487054151
"Solyc02g085430.4",-7.50335586504989,0.123007333356214,-5.4326297076178,0.000313263219808923,0.00547191456381991,0.588549460866419
"Solyc11g021067.1",-6.75718465123777,-0.410556766250667,-6.84796419325663,5.04073140420296e-05,0.00209026427049896,2.05593808417793
"Solyc05g054170.5",-6.28115752482577,-0.550237221367133,-5.67635370521822,0.000224368159924136,0.00439337138150742,0.843879708190908
"Solyc10g009140.3",-6.25459062057814,1.54164616331502,-7.86913010311247,1.57155529356413e-05,0.00133595296247064,3.23090249458439
"Solyc01g108280.3",-6.20813060998566,4.39900451771068,-4.74199486011113,0.000844454979671391,0.010556722117191,-0.286486686460792
"Solyc02g071710.3",-6.19017186591927,1.2557081702908,-8.2589999715146,1.03728953546921e-05,0.00129949782338628,3.53673685963574
"Solyc06g062820.4",-6.17607364398661,4.62921414818309,-8.4802103228459,8.24942848758311e-06,0.00129949782338628,4.0545945810556
"Solyc06g076560.2",5.00481010841323,5.40221134488752,10.5625020171702,1.14919577852526e-07,0.000502485854160172,5.8920636527549
"Solyc01g095330.2",4.95540604657383,7.36105054262506,8.39729735983191,1.51246827721963e-06,0.00293923001873014,5.24270809671146
"Solyc08g062340.3",4.81729756378129,7.12977247872309,17.0956708907221,3.68070174868521e-10,6.43754735845043e-06,10.7375019824862
"Solyc03g123540.3",4.32693626329318,4.74328025541558,9.60154235626082,3.41191987603867e-07,0.000899455410985696,4.92608737079214
"Solyc09g015000.4",4.0160409574004,6.82135212676917,13.8785405060633,4.61237494754372e-09,4.03352189162698e-05,9.37217496571732
"Solyc01g102960.3",3.77014150614526,6.63161544975749,11.8745221510216,2.94157492020255e-08,0.000171493817847809,8.13694557950375
"Solyc09g007270.3",3.58398591467232,5.89929476551243,9.84061082086363,2.5825396903696e-07,0.000899455410985696,6.30631547338125
"Solyc06g076570.4",3.42705270473526,5.40425527442368,8.14373141775036,2.11066354280587e-06,0.00369155053636747,4.57383077889288
"Solyc06g011400.2",3.02146127959794,4.89034946589172,7.98488428744172,2.61042627014403e-06,0.004150577769529,4.24597713301487
"Solyc04g014480.3",3.01243845703613,5.30593468988349,9.5560336003326,3.59987871749564e-07,0.000899455410985696,5.88643680979587
"Solyc12g011310.2",8.89129849690195,1.96151795739474,8.53423272061326,3.00633448872682e-05,0.00928405173130901,1.15440156482638
"Solyc12g042830.3",8.27594261917204,0.490544786925251,8.43228044107845,3.2771186500107e-05,0.00953641527153114,1.10450135601072
"Solyc09g092690.3",7.32150625253028,4.95228912240845,17.4306521515426,1.42582136181207e-07,0.000219725805391518,7.01164445779691
"Solyc06g053387.1",6.97415645558922,2.55318323311547,6.29040911114198,0.000251161593478633,0.0436847957760768,0.537263445944773
"Solyc06g076560.21",6.9134918315164,5.22524807800871,19.9855265239,4.96101885285082e-08,0.000150140274562677,8.01786912944287
"Solyc01g102960.31",6.89915539425238,5.98183563586827,21.6652123517869,2.65456150917607e-08,0.000133896082522841,8.88503849646354
"Solyc07g056510.3",6.89657581900232,4.47623244905864,15.626866859794,3.29787737500362e-07,0.000293549884932675,6.23714125193681
"Solyc11g020330.1",6.88001413746357,4.03404075223993,13.9640101820124,7.77979131903263e-07,0.000619598959155799,5.32401192499974
"Solyc02g093600.3",6.77541512797842,3.63937157183911,11.4442527403616,3.48876851972353e-06,0.0017901687046047,4.10808130758915
"Solyc01g160310.1",6.75616059081986,-0.268279096869988,6.91299497944384,0.0001323764421008,0.0288812658626565,0.402897880114029
"Solyc07g014583.1",8.42711373730344,0.812525600642379,4.23961524778403,0.000277240225325859,0.0084649706793426,-0.435625613970981
"Solyc05g014280.4",8.21123070906991,2.65952042040463,5.6655253630339,7.26136934252195e-06,0.000535213796380025,2.24395432285386
"Solyc08g074720.2",7.9446965701228,1.71038406921295,4.66797801427038,9.23621470766285e-05,0.00391507240282324,0.248305465393378
"Solyc06g076670.3",7.86663981552161,0.492373314166902,4.88763049349384,5.25663315530391e-05,0.00254517819553041,0.580905499812881
"Solyc12g011310.21",7.86063276147836,2.14400749363723,5.04175443442055,3.5422259538471e-05,0.00184642516837471,0.992676476108177
"Solyc09g008970.1",7.65078122629903,1.88625076973207,4.91815303695926,4.8610486543018e-05,0.00238356165371104,0.792647391139513
"Solyc02g093600.31",7.44226504391748,2.2852598480149,5.02928706795584,3.65703853036805e-05,0.00187272769574111,1.19632013239372
"Solyc03g117630.1",7.31049787580224,1.39733623831767,4.2968455102875,0.000239431307566333,0.00780478617227495,-0.343845138388553
"Solyc01g081250.3",7.29753551581477,4.53251681120801,15.4400654797975,4.01640713580871e-14,2.73399196326932e-11,21.1429496523039
"Solyc06g076540.1",7.22139860232328,0.169014754347515,4.4809003854708,0.000149319469092462,0.00555602860558834,-0.0628389999965595
"Solyc09g073015.1",12.574411766124,0.165846944346549,21.7995262344635,2.5186358551342e-13,3.38706149798448e-11,16.8286175171407
"Solyc09g015000.41",12.4110313703662,2.7269055278026,15.3337475107866,5.48055743567456e-11,2.43082244046674e-09,13.6467372487454
"Solyc10g150105.1",12.3895867112804,1.65838636895127,17.3374458982424,8.53508307645086e-12,5.33363369944755e-10,14.8523034360435
"Solyc03g113930.31",12.1497409632423,2.14972383240986,16.7296004557786,1.46884986551461e-11,8.30431542459528e-10,14.511916412604
"Solyc03g123540.31",12.0713678471082,0.706915886400683,21.436940021456,3.2664963478701e-13,4.25657392307724e-11,16.6987550660669
"Solyc01g066120.4",12.0412762628855,-0.100684126846852,21.8592196123444,2.41404147553654e-13,3.33498820002847e-11,16.8440332007505
"Solyc09g092290.1",11.7287781971993,-0.256986859779398,20.5077220212317,6.48374090694683e-13,7.26611230971841e-11,16.3264744298756
"Solyc03g059205.1",11.6375425406193,-0.302754803156647,16.8051616944297,1.37168029700617e-11,7.86960607258491e-10,14.5385696074314
"Solyc03g118060.3",11.5496368170496,-0.346292361735784,18.4591901173827,3.27435294387711e-12,2.57205013955954e-10,15.41358529326
"Solyc01g066100.3",11.5477960374698,-0.347327582158599,20.7919423691893,5.24131368616292e-13,6.29332021888562e-11,16.4369851754769
"Solyc06g076540.11",12.4675652423422,-0.637746745724008,28.0057449106014,2.15908983801066e-14,6.25340598872244e-12,20.3322562608355
"Solyc09g015000.42",11.8464995285151,2.52445963107851,18.9072347039002,6.79215421658848e-12,5.52372778136252e-10,16.4950341115608
"Solyc09g073015.11",11.8232388756617,-0.962361267546247,23.9152846587644,2.2087918701568e-13,3.6103905925167e-11,18.9031094956894
"Solyc10g150105.11",11.7102019118915,0.145547351227415,23.4846256480913,2.88357805127676e-13,4.44906449051664e-11,18.7380179523187
"Solyc01g098070.1",11.5777593783491,-1.08388627959607,26.32924799558,5.36872301960995e-14,1.24834152578508e-11,19.7847829493215
"Solyc11g020330.11",11.4015379608629,2.50792598515122,22.9784505563887,3.96841260544366e-13,5.79627056719304e-11,18.5999610225326
"Solyc03g118060.31",11.1528236956746,-1.29343951583045,27.2937241736502,3.15807741122614e-14,8.54699999703808e-12,20.0885837278215
"Solyc03g113930.32",10.7106575348273,2.4606540221619,24.1412761103886,1.92393915891023e-13,3.30857412233843e-11,19.3226444619079
"Solyc07g056510.31",10.6122384489376,-0.162637601672862,18.7516925496442,7.65412303411016e-12,6.13407364903517e-10,16.3974856443545
"Solyc03g059205.11",10.5874998574285,-0.787016831400201,22.2024731442559,6.56067210995456e-13,8.39613456304185e-11,18.1684772239171
"Solyc10g006870.1",-9.39997554503077,-0.594461217224541,-16.4867142416342,7.23138899217049e-06,0.0226765322534811,1.25035113827063
"Solyc08g066570.3",-7.37072505640138,-1.59302378888473,-10.1337376429683,9.56615227608569e-05,0.0337236619906471,0.433103437831634
"Solyc02g064620.2",6.28615192944757,-2.39971413296431,13.6912317300126,1.95360119230746e-05,0.0226765322534811,0.655539148244914
"Solyc03g019710.3",5.62788486670007,-0.394520866617679,7.54752199306238,0.00043521992544362,0.0422115762661137,-0.212941473698986
"Solyc06g076540.12",5.4326049274044,1.7070455586541,14.1491276216829,1.63931903828038e-05,0.0226765322534811,2.02166830037746
"Solyc01g099660.4",5.40607997084184,0.947835172039974,6.94933542315383,0.000658423464165556,0.0475954895322738,-0.167986208303784
"Solyc01g095330.21",5.08859246838988,6.89229546272246,13.2780721805681,2.29972156494822e-05,0.0226765322534811,3.51379435014969
"Solyc01g095320.4",4.84945545217791,9.34205111129706,12.3513123345955,3.37663012276559e-05,0.0255084551527669,3.0806888352616
"Solyc06g051860.3",4.67867122391782,-1.23827933606026,7.09176686583165,0.000595051289245136,0.0466902144086882,-0.476631723039145
"Solyc06g067980.3",4.51642694716903,1.14394715897766,11.9326235778172,4.05270323295554e-05,0.0256897963149028,1.54543426439656
"Solyc06g076020.3",-3.2145334427211,6.42289267832922,-18.1497864577709,1.05105847752245e-05,0.0465724011390197,4.0387721644076
"Solyc09g015000.43",2.54779706874417,6.61900485031113,19.5801436662878,7.26296763122124e-06,0.0465724011390197,4.43560063897763
"Solyc11g066060.4",-2.16191094862988,10.1970722389394,-17.0146691459582,1.43894183910061e-05,0.0498367309764026,3.76917031743055
"Solyc10g086410.3",-1.77875497722495,8.0456250741495,-23.2100618327091,3.16475356938821e-06,0.0465724011390197,4.94389588191377
"Solyc09g011160.4",-1.49438440666363,4.74316180517114,-16.4663594468194,1.68709312716326e-05,0.0498367309764026,3.55125014574243
"Solyc06g011400.21",1.47878035379157,5.36722982608153,18.9296243906195,8.56335299557223e-06,0.0465724011390197,4.25404542435419
"Solyc10g084540.3",6.05459740119676,2.5927247744951,5.37331610541626,0.000113785321896817,0.00258887585526099,1.42700423395388
"Solyc05g055400.5",-5.33441884702476,1.81998100069426,-6.01543601944626,3.79683566288314e-05,0.00198797240842133,2.42292723954012
"Solyc00g160750.1",-4.32853614077886,-0.237789518503739,-5.96031268440036,4.16260099522227e-05,0.00198797240842133,2.1678319753321
"Solyc10g048060.2",-3.33600490144588,1.34617804803448,-5.05595595459354,0.000199871962704026,0.00345191185672352,0.94928160603621
"Solyc02g014180.2",3.05914840622868,-0.936002329510104,6.99696489688741,7.91752172025606e-06,0.00158759712321752,3.44671831286406
"Solyc05g017797.2",3.05611869112103,-0.530622140182055,5.35785881482883,0.000116913787233153,0.00265058523858691,1.30334228171685
"Solyc05g017795.1",2.87562684915323,-0.781869892090029,4.89323767033129,0.000268194690944433,0.00384239369639097,0.589412544469873
"Solyc09g091455.1",2.82694037843312,0.219788229805958,4.50658128905513,0.000546630875097042,0.00543030226464649,-0.000927075034465652
"Solyc01g066614.1",2.80831777894714,-0.0447307528953987,5.4874587905923,9.32271333568971e-05,0.00247943976044756,1.50575491049883
"Solyc05g010100.4",2.74215381954659,-0.987542662161701,6.23457383127596,2.64512255626898e-05,0.00190033543016425,2.48265892452227
"Solyc04g077640.4",10.9771171243804,2.17573899780695,10.4020454322333,6.85774064055031e-06,6.8589353688849e-05,4.31381803153003
"Solyc05g010210.1",10.8277216845184,1.47444354481121,11.5960129940909,3.04461131264618e-06,4.12551526118741e-05,4.98817173320962
"Solyc10g008040.5",-10.4306770230332,0.0886247641095828,-12.9675578922222,1.30832368155184e-06,2.50369541859637e-05,5.65086303926267
"Solyc05g006290.2",10.3431425872249,-0.599000964742522,14.4587672827636,5.70607797414988e-07,1.597980178029e-05,6.25698858576035
"Solyc09g061550.3",9.85813965037778,0.462009471496516,18.6634035926987,7.97828926220658e-08,6.60625365206654e-06,7.51724981389182
"Solyc09g061570.1",9.68807220421248,-0.151443700680416,15.948945797721,2.68751947063705e-07,1.11024166794202e-05,6.7699538942182
"Solyc05g006300.2",9.40130155934047,-1.06955479618629,24.4709382067,9.66946219259867e-09,3.44751501972678e-06,8.5437903472009
"Solyc01g096470.3",-9.08747665014525,-1.64157877803687,-19.4288511475051,5.84047363274275e-08,5.81447846108257e-06,7.62829395882897
"Solyc09g064760.4",8.89443740452422,-1.32267691844163,24.4535798206154,9.72326232467127e-09,3.44751501972678e-06,8.5219262180448
"Solyc05g005910.4",8.84225195125243,0.482123182507442,16.6973684167782,1.88740843905087e-07,9.47721152937992e-06,6.99829621100867
"Solyc01g095330.22",5.51923399942515,7.48123322338199,9.68867601104343,8.57673663119139e-07,0.00246681240074116,5.82069604750594
"Solyc06g076560.22",5.50631665838538,5.89318120442582,7.45380961634753,1.12732840757042e-05,0.0194543063294427,3.37499199681488
"Solyc08g062340.31",5.27847413808216,7.38290553331116,13.1286821986812,3.66117723466545e-08,0.000631809355386218,8.15911249892256
"Solyc03g123540.32",4.65028993013507,5.04901868041948,8.58717582150797,2.86529746568129e-06,0.00618080479565776,4.24153225817303
"Solyc09g015000.44",4.59712042443518,7.1405243380559,9.7034615358942,8.44534899555667e-07,0.00246681240074116,5.84772110472681
"Solyc06g076570.41",4.29126335194336,5.62656438920985,6.87029673243353,2.41785401009554e-05,0.0379317333201988,2.83039488851472
"Solyc01g102960.32",4.25582219881888,6.79129528726241,11.1854074842291,1.96592206133117e-07,0.0016962958506196,6.9336992288016
"Solyc09g007270.31",3.97370062493368,6.06825113691592,10.0750830725033,5.7644554288556e-07,0.00246681240074116,5.95564761239617
"Solyc04g014480.31",3.36674538789207,5.39008960370404,10.443107391539,3.99353341014951e-07,0.00229721353529834,6.07971416508623
"Solyc06g011400.22",3.23179954336397,5.03704634094902,9.10437641260454,1.60339267127754e-06,0.00395282104689093,4.9520996961421
"Solyc12g011310.22",7.87712690816448,2.63338196329673,9.95115225439775,2.35926358092507e-06,0.00102669599833433,4.06567193135803
"Solyc07g014583.11",7.48609727437275,3.32805952101957,5.54184368551996,0.000290374283183897,0.0387061071530534,0.69404442107528
"Solyc05g014280.41",7.3851062514156,3.90561373087487,8.78344907758826,6.98453501107618e-06,0.00219879106433794,3.9294469142963
"Solyc07g056510.32",7.2048696527446,4.51728762143187,13.9609185339576,1.12522557470975e-07,0.00011099225068937,7.39957118464623
"Solyc09g008970.11",7.14991340124323,3.42249417123336,11.6649077158365,5.74348948604306e-07,0.000326848732444204,5.48466581902894
"Solyc12g042830.31",7.09173845596155,1.20004178775422,10.5052393873823,1.46241391189305e-06,0.000772781294298914,4.27190921441687
"Solyc09g092690.31",7.07263202274263,5.12454801599544,19.9918139626495,4.04221135619413e-09,1.12824406079873e-05,10.1460890051374
"Solyc06g076560.23",7.07075205865196,5.20070506919895,21.3948330759308,2.14126944085768e-09,1.12824406079873e-05,10.516422183645
"Solyc01g095320.41",6.96517680496964,2.43352633904213,8.60083798773678,8.36360087571348e-06,0.00247495677114113,3.3266088614714
"Solyc03g117630.11",6.96017431119387,2.46845782874665,5.32302881688017,0.000391438191724154,0.0474731105307424,0.37741911472436
"Solyc12g011310.23",8.08591244922846,2.40379661402874,9.70574635922515,1.39485925649919e-07,3.22240385436442e-05,6.85518667201896
"Solyc07g014583.12",8.03736268031266,1.60792405434133,6.0985177648405,2.79440401552658e-05,0.00266176734977583,2.62619541272533
"Solyc05g014280.42",7.5063926482986,3.41265968246538,10.4682104370732,5.47451543045073e-08,1.54234457895455e-05,8.20189827787329
"Solyc09g008970.12",7.43130900345151,2.07766018622187,9.86826291800768,1.13746655166429e-07,2.68140329352535e-05,6.99778801487414
"Solyc01g081250.31",7.24175504840751,4.7132424296764,20.3213621218175,9.2514056856525e-12,1.52661410107103e-08,16.2253943339689
"Solyc08g074720.21",7.21059998143763,2.64587172898902,6.46084427856227,1.52254548826541e-05,0.00164363765747231,3.23326370329151
"Solyc06g053387.11",7.1900422640877,2.23320059748189,7.17946971769841,4.81422014319648e-06,0.000654224198518382,4.11923655854905
"Solyc06g076670.31",7.18612987504504,1.1716310550356,9.35921178628107,2.17396617351728e-07,4.65027467968484e-05,6.50901231265763
"Solyc02g093600.32",7.00270352433091,2.86012248569783,10.0987849074512,8.55414762950936e-08,2.14802085366223e-05,7.65637960968511
"Solyc11g066100.2",6.96308161692027,4.79965947960604,17.5718140657785,6.54161026938527e-11,6.29684501847243e-08,14.8305083275706
"Solyc06g060340.3",5.51229588872916,2.91268159945428,5.02043840274074,0.00168361898592952,0.0326540000995518,-0.712908666168907
"Solyc02g062340.3",4.97506461395768,2.03487946997346,4.18564845294204,0.00441421394367131,0.0479071170783938,-1.61179159761027
"Solyc07g007750.3",-4.91934595932288,0.977824239373673,-4.8279354055831,0.00208407507238463,0.0348722816360263,-0.933539175361303
"Solyc12g044820.3",4.70189361454586,-0.522923389734834,4.10813317258605,0.00485273469526689,0.0497233353028423,-1.68826267583267
"Solyc01g110890.1",-4.59352270219594,-0.0154428781349738,-5.26931733097297,0.00128738811756818,0.0302093051277469,-0.557014807116564
"Solyc10g075110.2",4.57447526864812,1.54852279369402,6.46867953337472,0.000394054994591218,0.0236805857571355,0.538483641881316
"Solyc12g038510.2",4.3474622333159,-1.55797882106341,8.23210890119534,9.07185103213815e-05,0.0203744639962356,1.21253114774171
"Solyc11g012950.2",4.25302515301736,-0.388686581866421,5.06714066757959,0.00159991880889778,0.0319983761779555,-0.74755788359004
"Solyc07g049290.3",4.25168959834942,-0.423890353730138,4.2943939605562,0.00387087579988233,0.0449700596161743,-1.49303222603517
"Solyc01g109040.4",4.24863945803159,0.169560517825736,4.91223825487167,0.00189694185175907,0.0339863844312253,-0.876010207716029
"Solyc01g005160.5",-5.99554287034838,1.98581891854961,-6.86165804151319,0.00020485872244078,0.00761812527651925,1.20231487399736
"Solyc11g071990.2",-5.81406844402871,-0.0790810381154602,-5.91271529665973,0.000520179976072293,0.0132800806430494,0.273524726909187
"Solyc11g018805.1",-5.73364978153628,0.0579293010055941,-5.6487187122323,0.000686960264903894,0.0154121333261083,0.0378454905628312
"Solyc03g007380.2",-5.62485724926898,-0.90359253373027,-4.50968130129045,0.00253723532021121,0.0312238237355995,-1.12619409923905
"Solyc08g068610.3",-5.61142355840734,-0.623345794660561,-5.58028739688619,0.000739373157515749,0.0161217001199686,-0.040363968061139
"Solyc05g055080.2",-5.5766409199734,1.66547534916746,-10.4874499396594,1.22511286911412e-05,0.00191356959801659,3.46339738863286
"Solyc11g020230.1",-5.4711525688813,2.00123602937367,-6.30361557315803,0.000350005064811074,0.0104411767319465,0.730767151898884
"Solyc05g054250.1",-5.45287770570413,0.935399626017964,-8.64726446305778,4.51782853654584e-05,0.00348007924355799,2.29992068168668
"Solyc12g055710.1",-5.44258781163112,-1.64143738154051,-6.75457712309011,0.000226443697918963,0.00800068319241663,0.865228499440251
"Solyc02g086210.4",-5.32723296086917,0.768509985132622,-6.66477210047607,0.00024652001191211,0.00843554192021943,0.942003191003384
"Solyc07g009510.1",9.27118032334464,0.00459833687446043,9.68212877188222,2.64492830568873e-05,0.00265128964871773,2.71236541609434
"Solyc03g083996.1",9.25976007770092,-0.647456367274449,17.5126725233987,4.8697340808321e-07,0.000422033037661585,4.86127516727476
"Solyc07g162010.1",9.20042493413474,-0.659199142528355,4.24247160764624,0.00382799993152601,0.032646715413942,-1.49890638899275
"Solyc01g090890.3",6.88170927148742,-0.890967104301883,8.92426600307261,4.50473977914147e-05,0.00349375547763018,2.29173114475276
"Solyc06g061027.1",6.85996606503716,-0.927089345987197,8.18989533371391,7.84160054144496e-05,0.00476690137984279,1.87766147494547
"Solyc10g050110.1",6.79786872643059,-2.40717537165674,24.8951519880309,4.29952624103106e-08,0.000175915116151786,5.24579159585995
"Solyc01g081600.3",6.75187538639629,-1.92033636692521,7.75202689923409,0.000111345652974445,0.00539136969402296,1.57146131256861
"Solyc02g089250.4",6.7437048676898,0.555925221817534,7.45106399946262,0.000143041938616279,0.00611948874687929,1.42935975744949
"Solyc04g077210.3",6.54177975510851,-2.51969645709261,10.5684325024561,1.48358169039867e-05,0.00197799034502859,2.91817146472216
"Solyc07g006700.1",6.51817661169707,-2.52588602188956,7.86043035127859,0.000101936342109606,0.00524619551876039,1.6042213022689
"Solyc00g500328.11",6.8630286794523,8.83828737321024,17.9840616878517,1.81449630099207e-10,3.37496311984524e-08,14.1433073694487
"Solyc01g095220.2",-2.43177148500865,10.1210686324419,-4.23670900478928,0.00018490713853838,0.0466704193425341,0.761843291864228
"Solyc06g083190.4",2.33751971975703,6.20027650636647,3.86661606392226,0.000520875215876496,0.0466704193425341,-0.156023004483289
"Solyc00g500065.1",2.32431847601369,6.20224741226594,3.94060452492852,0.000424199103235848,0.0466704193425341,0.0215992789373516
"Solyc00g500129.1",1.73070835185463,13.5330228732868,3.89762704197176,0.000477984049882928,0.0466704193425341,-0.107288696222284
"Solyc00g500199.1",1.73070835185463,13.5330228732868,3.89762704197176,0.000477984049882928,0.0466704193425341,-0.107288696222284
"Solyc01g095220.21",-4.64329201865178,11.0879845338064,-7.180860104039,3.04899274183873e-06,0.000292832595472642,4.78389293786445
"Solyc06g074590.3",-3.8387713540221,10.3412536557709,-4.76198555605965,0.000247412770141584,0.00665265448602925,0.691706139850378
"Solyc00g500238.1",-3.60245770096784,10.4752977796795,-4.98755216104713,0.000158980288821464,0.00480915373684929,1.1122484974923
"Solyc00g500340.1",-3.60245770096784,10.4752977796795,-4.98755216104713,0.000158980288821464,0.00480915373684929,1.1122484974923
"Solyc07g054630.5",-3.5167190808231,14.3821833041361,-8.05040262120602,7.60330643565823e-07,0.000184000015742929,6.21706198353341
"Solyc09g010090.6",-3.12024432995265,13.4011653808212,-7.07581917167411,3.63015614222284e-06,0.000292832595472642,4.70125782779411
"Solyc01g066380.4",-2.99437595487484,9.69583365668199,-4.62159863051843,0.000326750273112744,0.00790735660932841,0.413591584006563
"Solyc01g096150.5",-2.14810669005527,11.4897192971279,-4.26496136147599,0.000668237301833857,0.0147012206403449,-0.298649355387357
"Solyc01g106953.1",-2.11646814090977,15.5889244178712,-6.32901821863853,1.31022411529644e-05,0.000634148471803475,3.37772899266982
"Solyc01g106963.1",-2.01908455412731,17.1008058023296,-6.33905955300796,1.28715387140333e-05,0.000634148471803475,3.36226053667872
"Solyc07g062670.1",-11.3343169508067,-0.0225957890613685,-9.44605793143862,2.15951349265981e-05,0.000619655041823981,3.18179258597469
"Solyc08g066250.4",-10.5271215954701,3.34027146285957,-9.05834583880188,2.88123615911084e-05,0.000696511303688576,3.02314253819392
"Solyc09g008170.3",-10.4685571777465,1.12385976965062,-12.3489117349016,3.30160030929016e-06,0.000402690458649321,4.59891868099172
"Solyc04g074840.3",-10.2608481568374,3.06043104576469,-7.3134857749755,0.000121797716417054,0.00132624213410202,1.72107037605885
"Solyc03g121300.2",-10.0334734483872,-0.668153441413584,-14.3775310320883,1.11419089680857e-06,0.000402690458649321,5.28745267601024
"Solyc12g056600.3",-9.92438502834652,1.72154592224634,-9.5453359098662,2.00911092196859e-05,0.000600752970126271,3.24056441099984
"Solyc02g086210.41",-9.56824209039761,-0.25511220477964,-6.90815225400217,0.000177034490289822,0.00161704661240853,1.35353555166946
"Solyc02g065260.4",-9.56569610434156,0.262123294707222,-5.13562981544338,0.00112981581642005,0.00495429002263535,-0.40052775485002
"Solyc01g104210.3",-9.56147343510985,2.59140258447554,-7.54823385565706,9.88022465124393e-05,0.00120329597303653,1.91045311798957
"Solyc06g072820.3",9.30586918998613,-0.765104316542544,22.7213753141031,4.0246042968329e-08,0.000270519088039169,6.88507067735609
"Solyc08g023660.3",9.96028077171757,-0.650812206594789,23.4317690058076,1.7953469555579e-08,3.45940916499064e-05,7.71467965411444
"Solyc09g008170.31",-9.0617118196105,2.00664225650137,-13.9340278095797,9.22602835350468e-07,9.1166171198253e-05,5.70717820534424
"Solyc05g015060.4",-8.87817127245365,-0.473717838260954,-7.81812967304149,6.13953236220027e-05,0.000590778615639881,2.31789224927823
"Solyc02g088580.1",-8.82213180617714,-1.55782856557238,-27.7706387554539,4.88209503162566e-09,2.79972917941635e-05,8.03566508198268
"Solyc06g024310.1",8.62916075193698,-0.535486016836867,11.1724536558468,4.74611147449804e-06,0.000156006748453911,4.46597952961323
"Solyc07g064100.1",-8.21578182069397,-1.85637589609276,-12.3398674566923,2.28008100486451e-06,0.000119143893864361,4.94029801467975
"Solyc11g022590.1",8.16716005247214,4.61793519083604,8.65102572547465,3.01327139945955e-05,0.000385154051597587,3.05562873291657
"Solyc12g038450.1",7.99622591559001,-1.60036427963613,6.19930223006427,0.000296080403822207,0.00161654888345902,0.856705879519977
"Solyc08g081790.3",-7.96639889308194,1.2655268820529,-7.25305812766501,0.000103097801401528,0.000803870818717531,1.85143018191519
"Solyc04g074000.3",-7.41876048168657,-2.26200819756261,-12.9740939534024,1.57148548231414e-06,0.000104350058509799,5.12885169275591
"Solyc09g065660.4",-10.9498128954622,2.93762273118758,-17.7265853840201,1.496802836254e-09,2.78771566535093e-07,11.0195226576385
"Solyc02g090770.1",-9.90743816741255,3.7980031823,-31.798447375859,2.42458883461819e-12,3.53727306063839e-09,15.4667052775161
"Solyc02g083000.1",-7.99117122744473,2.52838972769859,-24.4530583136969,4.42872221198922e-11,2.08961788511974e-08,13.7078235679071
"Solyc06g076690.4",7.98350061739852,-0.898008479996699,27.6558350939326,1.13809443277741e-11,7.37948860542003e-09,13.4199324592843
"Solyc02g090790.1",-7.95510839129181,3.38692734046768,-28.3821727163365,8.5432322825234e-12,6.54803276766064e-09,15.5046524257581
"Solyc02g088580.11",-7.81432346569872,-1.15943735255855,-9.86377171461002,7.2804245005461e-07,2.72346990878334e-05,6.21800837164277
"Solyc03g013620.1",-7.08548996560538,-1.5328329948329,-18.8557820958398,7.64844666237123e-10,1.76185994365965e-07,11.1855204738257
"Solyc02g083010.1",-6.09925866661675,1.92762047038935,-17.3117681430344,1.9349798910701e-09,3.42178716696609e-07,11.4721530162801
"Solyc08g080540.3",-6.02516315893507,4.01484816947614,-31.9734491755469,2.28134162986307e-12,3.53727306063839e-09,17.7367734995626
"Solyc02g083030.1",-5.80801273079583,2.914856320899,-23.2054571918537,7.88196620130802e-11,3.20906005316976e-08,14.5097975942476
"Solyc00g500353.1",5.5413643823171,-1.71319911271059,10.5763757329569,8.67840229668795e-06,0.041300516529938,-0.238108563532267
"Solyc08g061450.3",-5.12563547440008,-1.8702143534695,-12.9837136833397,1.98890211147262e-06,0.0315355583201926,-0.106939926569935
"Solyc08g066890.4",2.37929030462586,4.50062275051932,11.9595508428961,3.60095798032509e-06,0.0315355583201926,4.38209118938901
"Solyc07g008570.3",1.79947877356114,5.6961078148588,10.1745110769288,1.14236715086261e-05,0.0434922021676413,3.84581796608502
"Solyc06g049020.1",1.32826793492349,5.93275948788549,11.4350740384261,4.96988206348906e-06,0.0315355583201926,4.57425445598551
